{
  "MYX-USDT": 1761847600.8233829,
  "AT-USDT": 1761847600.8233829,
  "ENSO-USDT": 1761847600.8233829,
  "KAITO-USDT": 1761847600.8233829,
  "GIGGLE-USDT": 1761847600.8233829
}